{
    "cod": "200",
    "message": 0,
    "cnt": 40,
    "list": [
        {
            "dt": 1757764800,
            "main": {
                "temp": 30.95,
                "feels_like": 37.95,
                "temp_min": 29.65,
                "temp_max": 30.95,
                "pressure": 1005,
                "sea_level": 1005,
                "grnd_level": 1004,
                "humidity": 80,
                "temp_kf": 1.3
            },
            "weather": [
                {
                    "id": 804,
                    "main": "Clouds",
                    "description": "overcast clouds",
                    "icon": "04d"
                }
            ],
            "clouds": {
                "all": 100
            },
            "wind": {
                "speed": 6.5,
                "deg": 147,
                "gust": 7.09
            },
            "visibility": 10000,
            "pop": 0,
            "sys": {
                "pod": "d"
            },
            "dt_txt": "2025-09-13 12:00:00"
        },
        {
            "dt": 1757775600,
            "main": {
                "temp": 30.53,
                "feels_like": 37.53,
                "temp_min": 29.69,
                "temp_max": 30.53,
                "pressure": 1006,
                "sea_level": 1006,
                "grnd_level": 1006,
                "humidity": 77,
                "temp_kf": 0.84
            },
            "weather": [
                {
                    "id": 500,
                    "main": "Rain",
                    "description": "light rain",
                    "icon": "10n"
                }
            ],
            "clouds": {
                "all": 98
            },
            "wind": {
                "speed": 5.23,
                "deg": 173,
                "gust": 8.5
            },
            "visibility": 10000,
            "pop": 0.35,
            "rain": {
                "3h": 0.2
            },
            "sys": {
                "pod": "n"
            },
            "dt_txt": "2025-09-13 15:00:00"
        },
        {
            "dt": 1757786400,
            "main": {
                "temp": 29.9,
                "feels_like": 35.77,
                "temp_min": 29.38,
                "temp_max": 29.9,
                "pressure": 1006,
                "sea_level": 1006,
                "grnd_level": 1006,
                "humidity": 74,
                "temp_kf": 0.52
            },
            "weather": [
                {
                    "id": 500,
                    "main": "Rain",
                    "description": "light rain",
                    "icon": "10n"
                }
            ],
            "clouds": {
                "all": 97
            },
            "wind": {
                "speed": 5.65,
                "deg": 181,
                "gust": 8.96
            },
            "visibility": 10000,
            "pop": 0.94,
            "rain": {
                "3h": 1.31
            },
            "sys": {
                "pod": "n"
            },
            "dt_txt": "2025-09-13 18:00:00"
        },
        {
            "dt": 1757797200,
            "main": {
                "temp": 28.94,
                "feels_like": 32.97,
                "temp_min": 28.94,
                "temp_max": 28.94,
                "pressure": 1005,
                "sea_level": 1005,
                "grnd_level": 1005,
                "humidity": 72,
                "temp_kf": 0
            },
            "weather": [
                {
                    "id": 500,
                    "main": "Rain",
                    "description": "light rain",
                    "icon": "10n"
                }
            ],
            "clouds": {
                "all": 100
            },
            "wind": {
                "speed": 6.3,
                "deg": 200,
                "gust": 9.63
            },
            "visibility": 10000,
            "pop": 1,
            "rain": {
                "3h": 1.55
            },
            "sys": {
                "pod": "n"
            },
            "dt_txt": "2025-09-13 21:00:00"
        },
        {
            "dt": 1757808000,
            "main": {
                "temp": 27.92,
                "feels_like": 31.04,
                "temp_min": 27.92,
                "temp_max": 27.92,
                "pressure": 1006,
                "sea_level": 1006,
                "grnd_level": 1005,
                "humidity": 74,
                "temp_kf": 0
            },
            "weather": [
                {
                    "id": 500,
                    "main": "Rain",
                    "description": "light rain",
                    "icon": "10n"
                }
            ],
            "clouds": {
                "all": 100
            },
            "wind": {
                "speed": 6.09,
                "deg": 210,
                "gust": 9.27
            },
            "visibility": 10000,
            "pop": 0.98,
            "rain": {
                "3h": 0.83
            },
            "sys": {
                "pod": "n"
            },
            "dt_txt": "2025-09-14 00:00:00"
        },
        {
            "dt": 1757818800,
            "main": {
                "temp": 30.52,
                "feels_like": 34.31,
                "temp_min": 30.52,
                "temp_max": 30.52,
                "pressure": 1008,
                "sea_level": 1008,
                "grnd_level": 1008,
                "humidity": 62,
                "temp_kf": 0
            },
            "weather": [
                {
                    "id": 500,
                    "main": "Rain",
                    "description": "light rain",
                    "icon": "10d"
                }
            ],
            "clouds": {
                "all": 92
            },
            "wind": {
                "speed": 4.86,
                "deg": 220,
                "gust": 6.14
            },
            "visibility": 10000,
            "pop": 0.25,
            "rain": {
                "3h": 0.17
            },
            "sys": {
                "pod": "d"
            },
            "dt_txt": "2025-09-14 03:00:00"
        },
        {
            "dt": 1757829600,
            "main": {
                "temp": 33.2,
                "feels_like": 37.94,
                "temp_min": 33.2,
                "temp_max": 33.2,
                "pressure": 1007,
                "sea_level": 1007,
                "grnd_level": 1006,
                "humidity": 54,
                "temp_kf": 0
            },
            "weather": [
                {
                    "id": 803,
                    "main": "Clouds",
                    "description": "broken clouds",
                    "icon": "04d"
                }
            ],
            "clouds": {
                "all": 77
            },
            "wind": {
                "speed": 2.83,
                "deg": 158,
                "gust": 4.17
            },
            "visibility": 10000,
            "pop": 0.03,
            "sys": {
                "pod": "d"
            },
            "dt_txt": "2025-09-14 06:00:00"
        },
        {
            "dt": 1757840400,
            "main": {
                "temp": 30.06,
                "feels_like": 34.7,
                "temp_min": 30.06,
                "temp_max": 30.06,
                "pressure": 1004,
                "sea_level": 1004,
                "grnd_level": 1004,
                "humidity": 68,
                "temp_kf": 0
            },
            "weather": [
                {
                    "id": 804,
                    "main": "Clouds",
                    "description": "overcast clouds",
                    "icon": "04d"
                }
            ],
            "clouds": {
                "all": 94
            },
            "wind": {
                "speed": 6.22,
                "deg": 131,
                "gust": 5.81
            },
            "visibility": 10000,
            "pop": 0,
            "sys": {
                "pod": "d"
            },
            "dt_txt": "2025-09-14 09:00:00"
        },
        {
            "dt": 1757851200,
            "main": {
                "temp": 29.75,
                "feels_like": 34.67,
                "temp_min": 29.75,
                "temp_max": 29.75,
                "pressure": 1005,
                "sea_level": 1005,
                "grnd_level": 1004,
                "humidity": 71,
                "temp_kf": 0
            },
            "weather": [
                {
                    "id": 804,
                    "main": "Clouds",
                    "description": "overcast clouds",
                    "icon": "04d"
                }
            ],
            "clouds": {
                "all": 97
            },
            "wind": {
                "speed": 5.55,
                "deg": 150,
                "gust": 6.44
            },
            "visibility": 10000,
            "pop": 0,
            "sys": {
                "pod": "d"
            },
            "dt_txt": "2025-09-14 12:00:00"
        },
        {
            "dt": 1757862000,
            "main": {
                "temp": 29.76,
                "feels_like": 34.69,
                "temp_min": 29.76,
                "temp_max": 29.76,
                "pressure": 1007,
                "sea_level": 1007,
                "grnd_level": 1006,
                "humidity": 71,
                "temp_kf": 0
            },
            "weather": [
                {
                    "id": 500,
                    "main": "Rain",
                    "description": "light rain",
                    "icon": "10n"
                }
            ],
            "clouds": {
                "all": 100
            },
            "wind": {
                "speed": 5.84,
                "deg": 164,
                "gust": 8.7
            },
            "visibility": 10000,
            "pop": 0.2,
            "rain": {
                "3h": 0.1
            },
            "sys": {
                "pod": "n"
            },
            "dt_txt": "2025-09-14 15:00:00"
        },
        {
            "dt": 1757872800,
            "main": {
                "temp": 30,
                "feels_like": 34.56,
                "temp_min": 30,
                "temp_max": 30,
                "pressure": 1007,
                "sea_level": 1007,
                "grnd_level": 1006,
                "humidity": 68,
                "temp_kf": 0
            },
            "weather": [
                {
                    "id": 500,
                    "main": "Rain",
                    "description": "light rain",
                    "icon": "10n"
                }
            ],
            "clouds": {
                "all": 100
            },
            "wind": {
                "speed": 6.79,
                "deg": 191,
                "gust": 10.18
            },
            "visibility": 10000,
            "pop": 0.2,
            "rain": {
                "3h": 0.19
            },
            "sys": {
                "pod": "n"
            },
            "dt_txt": "2025-09-14 18:00:00"
        },
        {
            "dt": 1757883600,
            "main": {
                "temp": 26.73,
                "feels_like": 29.31,
                "temp_min": 26.73,
                "temp_max": 26.73,
                "pressure": 1006,
                "sea_level": 1006,
                "grnd_level": 1005,
                "humidity": 82,
                "temp_kf": 0
            },
            "weather": [
                {
                    "id": 500,
                    "main": "Rain",
                    "description": "light rain",
                    "icon": "10n"
                }
            ],
            "clouds": {
                "all": 100
            },
            "wind": {
                "speed": 7.76,
                "deg": 214,
                "gust": 10.14
            },
            "visibility": 10000,
            "pop": 0.94,
            "rain": {
                "3h": 1.63
            },
            "sys": {
                "pod": "n"
            },
            "dt_txt": "2025-09-14 21:00:00"
        },
        {
            "dt": 1757894400,
            "main": {
                "temp": 26.93,
                "feels_like": 29.68,
                "temp_min": 26.93,
                "temp_max": 26.93,
                "pressure": 1006,
                "sea_level": 1006,
                "grnd_level": 1005,
                "humidity": 81,
                "temp_kf": 0
            },
            "weather": [
                {
                    "id": 500,
                    "main": "Rain",
                    "description": "light rain",
                    "icon": "10n"
                }
            ],
            "clouds": {
                "all": 100
            },
            "wind": {
                "speed": 5.33,
                "deg": 209,
                "gust": 7.38
            },
            "visibility": 10000,
            "pop": 0.91,
            "rain": {
                "3h": 0.37
            },
            "sys": {
                "pod": "n"
            },
            "dt_txt": "2025-09-15 00:00:00"
        },
        {
            "dt": 1757905200,
            "main": {
                "temp": 30.09,
                "feels_like": 33.64,
                "temp_min": 30.09,
                "temp_max": 30.09,
                "pressure": 1008,
                "sea_level": 1008,
                "grnd_level": 1007,
                "humidity": 63,
                "temp_kf": 0
            },
            "weather": [
                {
                    "id": 804,
                    "main": "Clouds",
                    "description": "overcast clouds",
                    "icon": "04d"
                }
            ],
            "clouds": {
                "all": 100
            },
            "wind": {
                "speed": 5.44,
                "deg": 234,
                "gust": 7.03
            },
            "visibility": 10000,
            "pop": 0.15,
            "sys": {
                "pod": "d"
            },
            "dt_txt": "2025-09-15 03:00:00"
        },
        {
            "dt": 1757916000,
            "main": {
                "temp": 33.45,
                "feels_like": 37.85,
                "temp_min": 33.45,
                "temp_max": 33.45,
                "pressure": 1007,
                "sea_level": 1007,
                "grnd_level": 1006,
                "humidity": 52,
                "temp_kf": 0
            },
            "weather": [
                {
                    "id": 500,
                    "main": "Rain",
                    "description": "light rain",
                    "icon": "10d"
                }
            ],
            "clouds": {
                "all": 99
            },
            "wind": {
                "speed": 2.83,
                "deg": 234,
                "gust": 4.57
            },
            "visibility": 10000,
            "pop": 0.27,
            "rain": {
                "3h": 0.12
            },
            "sys": {
                "pod": "d"
            },
            "dt_txt": "2025-09-15 06:00:00"
        },
        {
            "dt": 1757926800,
            "main": {
                "temp": 32.26,
                "feels_like": 37.07,
                "temp_min": 32.26,
                "temp_max": 32.26,
                "pressure": 1003,
                "sea_level": 1003,
                "grnd_level": 1003,
                "humidity": 58,
                "temp_kf": 0
            },
            "weather": [
                {
                    "id": 500,
                    "main": "Rain",
                    "description": "light rain",
                    "icon": "10d"
                }
            ],
            "clouds": {
                "all": 100
            },
            "wind": {
                "speed": 4.06,
                "deg": 126,
                "gust": 4.7
            },
            "visibility": 10000,
            "pop": 0.65,
            "rain": {
                "3h": 0.42
            },
            "sys": {
                "pod": "d"
            },
            "dt_txt": "2025-09-15 09:00:00"
        },
        {
            "dt": 1757937600,
            "main": {
                "temp": 30.01,
                "feels_like": 35.06,
                "temp_min": 30.01,
                "temp_max": 30.01,
                "pressure": 1004,
                "sea_level": 1004,
                "grnd_level": 1003,
                "humidity": 70,
                "temp_kf": 0
            },
            "weather": [
                {
                    "id": 500,
                    "main": "Rain",
                    "description": "light rain",
                    "icon": "10d"
                }
            ],
            "clouds": {
                "all": 100
            },
            "wind": {
                "speed": 5.49,
                "deg": 156,
                "gust": 6.72
            },
            "visibility": 10000,
            "pop": 0.86,
            "rain": {
                "3h": 0.4
            },
            "sys": {
                "pod": "d"
            },
            "dt_txt": "2025-09-15 12:00:00"
        },
        {
            "dt": 1757948400,
            "main": {
                "temp": 29.79,
                "feels_like": 35,
                "temp_min": 29.79,
                "temp_max": 29.79,
                "pressure": 1007,
                "sea_level": 1007,
                "grnd_level": 1006,
                "humidity": 72,
                "temp_kf": 0
            },
            "weather": [
                {
                    "id": 500,
                    "main": "Rain",
                    "description": "light rain",
                    "icon": "10n"
                }
            ],
            "clouds": {
                "all": 100
            },
            "wind": {
                "speed": 5.81,
                "deg": 167,
                "gust": 8.84
            },
            "visibility": 10000,
            "pop": 0.23,
            "rain": {
                "3h": 0.19
            },
            "sys": {
                "pod": "n"
            },
            "dt_txt": "2025-09-15 15:00:00"
        },
        {
            "dt": 1757959200,
            "main": {
                "temp": 29.5,
                "feels_like": 34.07,
                "temp_min": 29.5,
                "temp_max": 29.5,
                "pressure": 1007,
                "sea_level": 1007,
                "grnd_level": 1006,
                "humidity": 71,
                "temp_kf": 0
            },
            "weather": [
                {
                    "id": 500,
                    "main": "Rain",
                    "description": "light rain",
                    "icon": "10n"
                }
            ],
            "clouds": {
                "all": 100
            },
            "wind": {
                "speed": 5.77,
                "deg": 200,
                "gust": 8.49
            },
            "visibility": 10000,
            "pop": 0.9,
            "rain": {
                "3h": 1.33
            },
            "sys": {
                "pod": "n"
            },
            "dt_txt": "2025-09-15 18:00:00"
        },
        {
            "dt": 1757970000,
            "main": {
                "temp": 28.58,
                "feels_like": 32.33,
                "temp_min": 28.58,
                "temp_max": 28.58,
                "pressure": 1005,
                "sea_level": 1005,
                "grnd_level": 1004,
                "humidity": 73,
                "temp_kf": 0
            },
            "weather": [
                {
                    "id": 500,
                    "main": "Rain",
                    "description": "light rain",
                    "icon": "10n"
                }
            ],
            "clouds": {
                "all": 100
            },
            "wind": {
                "speed": 5.97,
                "deg": 212,
                "gust": 9
            },
            "visibility": 10000,
            "pop": 0.82,
            "rain": {
                "3h": 0.93
            },
            "sys": {
                "pod": "n"
            },
            "dt_txt": "2025-09-15 21:00:00"
        },
        {
            "dt": 1757980800,
            "main": {
                "temp": 28.16,
                "feels_like": 30.7,
                "temp_min": 28.16,
                "temp_max": 28.16,
                "pressure": 1006,
                "sea_level": 1006,
                "grnd_level": 1005,
                "humidity": 68,
                "temp_kf": 0
            },
            "weather": [
                {
                    "id": 500,
                    "main": "Rain",
                    "description": "light rain",
                    "icon": "10n"
                }
            ],
            "clouds": {
                "all": 100
            },
            "wind": {
                "speed": 6.01,
                "deg": 240,
                "gust": 9.23
            },
            "visibility": 10000,
            "pop": 0.7,
            "rain": {
                "3h": 0.66
            },
            "sys": {
                "pod": "n"
            },
            "dt_txt": "2025-09-16 00:00:00"
        },
        {
            "dt": 1757991600,
            "main": {
                "temp": 29.91,
                "feels_like": 32.86,
                "temp_min": 29.91,
                "temp_max": 29.91,
                "pressure": 1008,
                "sea_level": 1008,
                "grnd_level": 1007,
                "humidity": 61,
                "temp_kf": 0
            },
            "weather": [
                {
                    "id": 804,
                    "main": "Clouds",
                    "description": "overcast clouds",
                    "icon": "04d"
                }
            ],
            "clouds": {
                "all": 100
            },
            "wind": {
                "speed": 5.56,
                "deg": 261,
                "gust": 6.81
            },
            "visibility": 10000,
            "pop": 0.02,
            "sys": {
                "pod": "d"
            },
            "dt_txt": "2025-09-16 03:00:00"
        },
        {
            "dt": 1758002400,
            "main": {
                "temp": 33.73,
                "feels_like": 38.13,
                "temp_min": 33.73,
                "temp_max": 33.73,
                "pressure": 1006,
                "sea_level": 1006,
                "grnd_level": 1006,
                "humidity": 51,
                "temp_kf": 0
            },
            "weather": [
                {
                    "id": 804,
                    "main": "Clouds",
                    "description": "overcast clouds",
                    "icon": "04d"
                }
            ],
            "clouds": {
                "all": 100
            },
            "wind": {
                "speed": 3.26,
                "deg": 283,
                "gust": 5.24
            },
            "visibility": 10000,
            "pop": 0,
            "sys": {
                "pod": "d"
            },
            "dt_txt": "2025-09-16 06:00:00"
        },
        {
            "dt": 1758013200,
            "main": {
                "temp": 31.55,
                "feels_like": 36.33,
                "temp_min": 31.55,
                "temp_max": 31.55,
                "pressure": 1003,
                "sea_level": 1003,
                "grnd_level": 1003,
                "humidity": 61,
                "temp_kf": 0
            },
            "weather": [
                {
                    "id": 500,
                    "main": "Rain",
                    "description": "light rain",
                    "icon": "10d"
                }
            ],
            "clouds": {
                "all": 100
            },
            "wind": {
                "speed": 5.01,
                "deg": 81,
                "gust": 5.2
            },
            "visibility": 10000,
            "pop": 0.42,
            "rain": {
                "3h": 0.35
            },
            "sys": {
                "pod": "d"
            },
            "dt_txt": "2025-09-16 09:00:00"
        },
        {
            "dt": 1758024000,
            "main": {
                "temp": 30.17,
                "feels_like": 35.21,
                "temp_min": 30.17,
                "temp_max": 30.17,
                "pressure": 1004,
                "sea_level": 1004,
                "grnd_level": 1003,
                "humidity": 69,
                "temp_kf": 0
            },
            "weather": [
                {
                    "id": 500,
                    "main": "Rain",
                    "description": "light rain",
                    "icon": "10d"
                }
            ],
            "clouds": {
                "all": 100
            },
            "wind": {
                "speed": 6.2,
                "deg": 137,
                "gust": 6.22
            },
            "visibility": 10000,
            "pop": 0.49,
            "rain": {
                "3h": 0.35
            },
            "sys": {
                "pod": "d"
            },
            "dt_txt": "2025-09-16 12:00:00"
        },
        {
            "dt": 1758034800,
            "main": {
                "temp": 30.19,
                "feels_like": 34.77,
                "temp_min": 30.19,
                "temp_max": 30.19,
                "pressure": 1006,
                "sea_level": 1006,
                "grnd_level": 1006,
                "humidity": 67,
                "temp_kf": 0
            },
            "weather": [
                {
                    "id": 500,
                    "main": "Rain",
                    "description": "light rain",
                    "icon": "10n"
                }
            ],
            "clouds": {
                "all": 100
            },
            "wind": {
                "speed": 6.22,
                "deg": 203,
                "gust": 8.67
            },
            "visibility": 10000,
            "pop": 0.89,
            "rain": {
                "3h": 0.77
            },
            "sys": {
                "pod": "n"
            },
            "dt_txt": "2025-09-16 15:00:00"
        },
        {
            "dt": 1758045600,
            "main": {
                "temp": 28.46,
                "feels_like": 32.06,
                "temp_min": 28.46,
                "temp_max": 28.46,
                "pressure": 1007,
                "sea_level": 1007,
                "grnd_level": 1006,
                "humidity": 73,
                "temp_kf": 0
            },
            "weather": [
                {
                    "id": 500,
                    "main": "Rain",
                    "description": "light rain",
                    "icon": "10n"
                }
            ],
            "clouds": {
                "all": 100
            },
            "wind": {
                "speed": 3.73,
                "deg": 232,
                "gust": 6.67
            },
            "visibility": 10000,
            "pop": 1,
            "rain": {
                "3h": 1.86
            },
            "sys": {
                "pod": "n"
            },
            "dt_txt": "2025-09-16 18:00:00"
        },
        {
            "dt": 1758056400,
            "main": {
                "temp": 28.1,
                "feels_like": 31.14,
                "temp_min": 28.1,
                "temp_max": 28.1,
                "pressure": 1005,
                "sea_level": 1005,
                "grnd_level": 1004,
                "humidity": 72,
                "temp_kf": 0
            },
            "weather": [
                {
                    "id": 500,
                    "main": "Rain",
                    "description": "light rain",
                    "icon": "10n"
                }
            ],
            "clouds": {
                "all": 99
            },
            "wind": {
                "speed": 5.44,
                "deg": 256,
                "gust": 9.12
            },
            "visibility": 10000,
            "pop": 1,
            "rain": {
                "3h": 2.31
            },
            "sys": {
                "pod": "n"
            },
            "dt_txt": "2025-09-16 21:00:00"
        },
        {
            "dt": 1758067200,
            "main": {
                "temp": 27.74,
                "feels_like": 30.54,
                "temp_min": 27.74,
                "temp_max": 27.74,
                "pressure": 1006,
                "sea_level": 1006,
                "grnd_level": 1005,
                "humidity": 73,
                "temp_kf": 0
            },
            "weather": [
                {
                    "id": 804,
                    "main": "Clouds",
                    "description": "overcast clouds",
                    "icon": "04n"
                }
            ],
            "clouds": {
                "all": 99
            },
            "wind": {
                "speed": 5.13,
                "deg": 277,
                "gust": 8.11
            },
            "visibility": 10000,
            "pop": 0.78,
            "sys": {
                "pod": "n"
            },
            "dt_txt": "2025-09-17 00:00:00"
        },
        {
            "dt": 1758078000,
            "main": {
                "temp": 28.69,
                "feels_like": 31.41,
                "temp_min": 28.69,
                "temp_max": 28.69,
                "pressure": 1008,
                "sea_level": 1008,
                "grnd_level": 1007,
                "humidity": 66,
                "temp_kf": 0
            },
            "weather": [
                {
                    "id": 500,
                    "main": "Rain",
                    "description": "light rain",
                    "icon": "10d"
                }
            ],
            "clouds": {
                "all": 100
            },
            "wind": {
                "speed": 4.63,
                "deg": 278,
                "gust": 4.97
            },
            "visibility": 10000,
            "pop": 0.36,
            "rain": {
                "3h": 0.14
            },
            "sys": {
                "pod": "d"
            },
            "dt_txt": "2025-09-17 03:00:00"
        },
        {
            "dt": 1758088800,
            "main": {
                "temp": 31.65,
                "feels_like": 34.68,
                "temp_min": 31.65,
                "temp_max": 31.65,
                "pressure": 1007,
                "sea_level": 1007,
                "grnd_level": 1006,
                "humidity": 54,
                "temp_kf": 0
            },
            "weather": [
                {
                    "id": 804,
                    "main": "Clouds",
                    "description": "overcast clouds",
                    "icon": "04d"
                }
            ],
            "clouds": {
                "all": 100
            },
            "wind": {
                "speed": 2.66,
                "deg": 296,
                "gust": 4.07
            },
            "visibility": 10000,
            "pop": 0.15,
            "sys": {
                "pod": "d"
            },
            "dt_txt": "2025-09-17 06:00:00"
        },
        {
            "dt": 1758099600,
            "main": {
                "temp": 30.56,
                "feels_like": 33.71,
                "temp_min": 30.56,
                "temp_max": 30.56,
                "pressure": 1005,
                "sea_level": 1005,
                "grnd_level": 1004,
                "humidity": 59,
                "temp_kf": 0
            },
            "weather": [
                {
                    "id": 804,
                    "main": "Clouds",
                    "description": "overcast clouds",
                    "icon": "04d"
                }
            ],
            "clouds": {
                "all": 100
            },
            "wind": {
                "speed": 1.44,
                "deg": 331,
                "gust": 2.77
            },
            "visibility": 10000,
            "pop": 0,
            "sys": {
                "pod": "d"
            },
            "dt_txt": "2025-09-17 09:00:00"
        },
        {
            "dt": 1758110400,
            "main": {
                "temp": 29.48,
                "feels_like": 33.39,
                "temp_min": 29.48,
                "temp_max": 29.48,
                "pressure": 1005,
                "sea_level": 1005,
                "grnd_level": 1004,
                "humidity": 68,
                "temp_kf": 0
            },
            "weather": [
                {
                    "id": 804,
                    "main": "Clouds",
                    "description": "overcast clouds",
                    "icon": "04d"
                }
            ],
            "clouds": {
                "all": 100
            },
            "wind": {
                "speed": 3.9,
                "deg": 132,
                "gust": 3.77
            },
            "visibility": 10000,
            "pop": 0,
            "sys": {
                "pod": "d"
            },
            "dt_txt": "2025-09-17 12:00:00"
        },
        {
            "dt": 1758121200,
            "main": {
                "temp": 29.03,
                "feels_like": 33.17,
                "temp_min": 29.03,
                "temp_max": 29.03,
                "pressure": 1007,
                "sea_level": 1007,
                "grnd_level": 1006,
                "humidity": 72,
                "temp_kf": 0
            },
            "weather": [
                {
                    "id": 500,
                    "main": "Rain",
                    "description": "light rain",
                    "icon": "10n"
                }
            ],
            "clouds": {
                "all": 100
            },
            "wind": {
                "speed": 4.55,
                "deg": 172,
                "gust": 5.54
            },
            "visibility": 10000,
            "pop": 0.65,
            "rain": {
                "3h": 0.55
            },
            "sys": {
                "pod": "n"
            },
            "dt_txt": "2025-09-17 15:00:00"
        },
        {
            "dt": 1758132000,
            "main": {
                "temp": 28.93,
                "feels_like": 32.76,
                "temp_min": 28.93,
                "temp_max": 28.93,
                "pressure": 1007,
                "sea_level": 1007,
                "grnd_level": 1006,
                "humidity": 71,
                "temp_kf": 0
            },
            "weather": [
                {
                    "id": 500,
                    "main": "Rain",
                    "description": "light rain",
                    "icon": "10n"
                }
            ],
            "clouds": {
                "all": 100
            },
            "wind": {
                "speed": 4.99,
                "deg": 194,
                "gust": 7.46
            },
            "visibility": 10000,
            "pop": 0.72,
            "rain": {
                "3h": 0.56
            },
            "sys": {
                "pod": "n"
            },
            "dt_txt": "2025-09-17 18:00:00"
        },
        {
            "dt": 1758142800,
            "main": {
                "temp": 27.65,
                "feels_like": 30.6,
                "temp_min": 27.65,
                "temp_max": 27.65,
                "pressure": 1005,
                "sea_level": 1005,
                "grnd_level": 1004,
                "humidity": 75,
                "temp_kf": 0
            },
            "weather": [
                {
                    "id": 500,
                    "main": "Rain",
                    "description": "light rain",
                    "icon": "10n"
                }
            ],
            "clouds": {
                "all": 100
            },
            "wind": {
                "speed": 5.9,
                "deg": 212,
                "gust": 9.06
            },
            "visibility": 10000,
            "pop": 0.93,
            "rain": {
                "3h": 1.45
            },
            "sys": {
                "pod": "n"
            },
            "dt_txt": "2025-09-17 21:00:00"
        },
        {
            "dt": 1758153600,
            "main": {
                "temp": 26.51,
                "feels_like": 26.51,
                "temp_min": 26.51,
                "temp_max": 26.51,
                "pressure": 1006,
                "sea_level": 1006,
                "grnd_level": 1005,
                "humidity": 81,
                "temp_kf": 0
            },
            "weather": [
                {
                    "id": 500,
                    "main": "Rain",
                    "description": "light rain",
                    "icon": "10n"
                }
            ],
            "clouds": {
                "all": 100
            },
            "wind": {
                "speed": 6.39,
                "deg": 216,
                "gust": 8.93
            },
            "visibility": 10000,
            "pop": 0.96,
            "rain": {
                "3h": 1.4
            },
            "sys": {
                "pod": "n"
            },
            "dt_txt": "2025-09-18 00:00:00"
        },
        {
            "dt": 1758164400,
            "main": {
                "temp": 29.83,
                "feels_like": 33.31,
                "temp_min": 29.83,
                "temp_max": 29.83,
                "pressure": 1008,
                "sea_level": 1008,
                "grnd_level": 1007,
                "humidity": 64,
                "temp_kf": 0
            },
            "weather": [
                {
                    "id": 804,
                    "main": "Clouds",
                    "description": "overcast clouds",
                    "icon": "04d"
                }
            ],
            "clouds": {
                "all": 100
            },
            "wind": {
                "speed": 5.4,
                "deg": 249,
                "gust": 6.93
            },
            "visibility": 10000,
            "pop": 0.08,
            "sys": {
                "pod": "d"
            },
            "dt_txt": "2025-09-18 03:00:00"
        },
        {
            "dt": 1758175200,
            "main": {
                "temp": 32.52,
                "feels_like": 35.61,
                "temp_min": 32.52,
                "temp_max": 32.52,
                "pressure": 1007,
                "sea_level": 1007,
                "grnd_level": 1006,
                "humidity": 51,
                "temp_kf": 0
            },
            "weather": [
                {
                    "id": 500,
                    "main": "Rain",
                    "description": "light rain",
                    "icon": "10d"
                }
            ],
            "clouds": {
                "all": 100
            },
            "wind": {
                "speed": 3.45,
                "deg": 251,
                "gust": 4.92
            },
            "visibility": 10000,
            "pop": 0.32,
            "rain": {
                "3h": 0.12
            },
            "sys": {
                "pod": "d"
            },
            "dt_txt": "2025-09-18 06:00:00"
        },
        {
            "dt": 1758186000,
            "main": {
                "temp": 33.05,
                "feels_like": 36.68,
                "temp_min": 33.05,
                "temp_max": 33.05,
                "pressure": 1004,
                "sea_level": 1004,
                "grnd_level": 1003,
                "humidity": 51,
                "temp_kf": 0
            },
            "weather": [
                {
                    "id": 804,
                    "main": "Clouds",
                    "description": "overcast clouds",
                    "icon": "04d"
                }
            ],
            "clouds": {
                "all": 100
            },
            "wind": {
                "speed": 3.02,
                "deg": 225,
                "gust": 5.22
            },
            "visibility": 10000,
            "pop": 0,
            "sys": {
                "pod": "d"
            },
            "dt_txt": "2025-09-18 09:00:00"
        }
    ],
    "city": {
        "id": 1264527,
        "name": "Chennai",
        "coord": {
            "lat": 13.0878,
            "lon": 80.2785
        },
        "country": "IN",
        "population": 4328063,
        "timezone": 19800,
        "sunrise": 1757723283,
        "sunset": 1757767319
    }
}